sample	N2O	pH	EC	NH4+	NO2-	NO3-	MBC/MBN	MBN	MBC	CO2	O2	PO4
CK1	56.27167896	5.72	107.6	11.25745058	0.119054392	44.73553181	7.052285921	20.61714263	145.3979847	145.3979847	145.397985	11.25745058
CK2	47.69899509	5.77	102.7	16.30420923	0.072593689	57.81102657	5.495530762	12.17702071	66.91919192	66.91919192	66.9191919	16.30420923
CK3	54.30664869	5.78	93.5	23.4502697	0.112548284	51.27327919	0.897604556	82.56279929	74.10874483	74.10874483	74.1087448	23.4502697
CKN1	62.67360485	6.04	76.7	159.6472359	0.132342838	25.52668333	2.734773612	228.9867545	626.2269336	345	626.226934	56
CKN2	59.76835372	6.01	68	122.3770428	0.117354318	22.85159111	1.563912658	143.0979513	223.7926973	223.7926973	223.792697	67
CKN3	60.69360624	6.05	56.3	145.1115799	0.109275766	25.1994133	2.006045801	190.8248046	382.803298	382.803298	382.803298	145.1115799
PCN1	29.1608549	6.66	97.1	135.8035851	0.475711972	26.83136225	1.55375578	328.8516979	510.9552265	312	510.955227	99
PCN2	26.16630982	6.67	88	115.0091934	0.434525684	24.63394403	1.617203137	311.8858303	504.3827433	504.3827433	504.382743	77
PCN3	26.02051331	6.65	85.8	96.20539665	0.383884944	25.59349537	1.866974468	235.5208638	439.7114394	468	439.711439	96.20539665