mantel	env	r	p
spec	N	0.1603708500882512	0.038
spec	P	0.21256328258031204	0.01
spec	K	0.31069791493471066	0.005
spec	Ca	0.23906560564617174	0.013
spec	Mg	0.09363044750362584	0.193
spec	S	0.20754395682748006	0.015
spec	Al	0.22506788297266536	0.011
spec	Fe	0.32024169552744797	0.006
spec	Mn	0.07536113891937472	0.218
spec	Zn	0.1487683554716894	0.107
spec	Mo	0.02063649902537858	0.404
spec	Baresoil	0.09286690483789511	0.154
spec	Humdepth	0.15422185070085745	0.056
spec	pH	0.07688999337810573	0.256
