env	CCA1	CCA2
N	0.0747198316242952	-0.536723644468813
P	0.23105542840575	-0.40615282587019
K	0.430825994761608	-0.284963126768705
Ca	0.0916280634081688	-0.561604239861865
Mg	-0.0905242984480851	-0.488782940095568
S	0.164069891388054	-0.503628823590771
Al	0.0310600220146548	-0.0521342655794637
Fe	-0.169608474573795	0.0581864650074923
