sample	CCA1	CCA2
S2-3	-1.44408195448599	-0.0460736237085756
S3-1	0.572102295272901	1.10472516085183
S1-2	0.808334190218878	-1.22625418615283
S3-3	0.710913397153383	1.46807773325423
S2-1	-1.38635781517794	-0.077561890421222
S2-2	-1.40235422258841	-0.103371488691505
S1-1	0.758988825801217	-1.14815755447231
S3-2	0.626871017250626	1.19395432622797
S1-3	0.755584266555341	-1.16533847688763
